scenario_id,reasoning,description,threat_id,vulnerability_id,remediation_id
S1,"The description mentions a processing center located in the basement with no reinforcement on the walls, indicating potential vulnerabilities related to structural integrity and fire safety. This aligns with the scenario S64 where any software can be installed on the system, leading to unauthorized software installation which could compromise security. The presence of an unsecured entry point due to unreinforced walls suggests a potential for unauthorized access or tampering, further emphasizing the risk described in S64.","The processing center is located in the basement with unreinforced walls and no mention of any security measures against unauthorized software installation or system compromise. This leaves the infrastructure vulnerable to potential breaches or unauthorized modifications, aligning with the scenario where any software can be installed on the system leading to possible unauthorized access or tampering.",M22,V7,
S1,,,,,
S2,,,,,
S2,,,,,
S3,,,,,
S4,,,,,
S5,,,,,
S5,,,,,
S5,,,,,
S6,,,,,
S6,"The absence of fire protection systems poses a significant risk of fire-related incidents, such as fires caused by equipment malfunctions or unauthorized use. These systems are critical for containing and extinguishing fires, preventing their spread, and protecting surrounding areas from potential damage or fire-related risks.","Fire protection systems provide essential fire containment measures to mitigate fire hazards. Without these systems, there is an increased risk of fire incidents that could lead to property damage, safety hazards, and potential legal liabilities.",M15,V29,R07
S6,"The scenario indicates that there is a lack of fire protection measures on the site, which poses a significant risk of fire incidents. Fire can be caused by various factors such as electrical malfunctions, improper storage of flammable materials, or negligence in maintaining fire extinguishers and safety equipment. The absence of adequate fire protection systems makes it difficult to detect and contain fires early, increasing the potential for catastrophic damage, injuries, and even loss of life. This situation is particularly concerning because fires can quickly escalate into uncontrollable situations if proper measures are not in place.",Fire protection system deficiency leading to inadequate fire suppression capabilities.,M24,V16,R10
S7,,,,,
S7,,,,,
S8,,,,,
S9,"The scenario describes a situation where an external perimeter is protected by a network, which suggests that unauthorized access could potentially be a threat. The vulnerability described here is 'Lack of access control to the CED area,' which indicates that there may not be sufficient measures in place to restrict or monitor who has access to this critical information system. This lack of access control can create an opening for potential attackers, making it easier for them to exploit vulnerabilities within the system.",The threat is a potential security risk where unauthorized individuals could potentially gain access to sensitive systems if there are insufficient access controls in place.,M25,V33,
S9,"The user mentioned that a password is required to access the system, which suggests that unauthorized access might be possible if the password policy is not enforced properly. If passwords are not checked regularly or if users can change their passwords without any monitoring, an attacker could potentially exploit this by attempting unauthorized login attempts. Additionally, if there's no proper verification mechanism in place for user credentials, it leaves the system vulnerable to brute force attacks or other credential stuffing methods.",Unauthorized access to a system due to improper password enforcement and lack of verification mechanisms for user credentials.,M17,V5,R2
S9,,,,,
S9,"The scenario indicates that there is a requirement for a password to access the system, which implies that unauthorized users may attempt brute force attacks or dictionary attacks to crack the password. This could lead to unauthorized access and potential data breaches. The vulnerability ID associated with this threat would be V12, as it pertains to inadequate authentication mechanisms. The corresponding risk description is M30, which refers to unauthorized access due to weak security measures. To mitigate this threat, the remediation ID V12 should be applied, which involves implementing stronger password policies and possibly multi-factor authentication.","Unauthorized users attempting to gain access to a system with a required password could lead to data breaches through brute force or dictionary attacks. The associated risk is M30 - Unauthorized Access (Weak Security Measures). The vulnerability is V12 - Inadequate Authentication Mechanisms, which can be remedied by implementing stronger password policies and multi-factor authentication.",M30,V12,V12
S9,,,,,
S9,"The reasoning is based on scenario S18, where there are system logs recorded. This indicates that unauthorized users can access sensitive information by monitoring these logs. Additionally, scenario S35 mentions the necessity of a register for restricted area access, but it questions whether the recording methods are adequate. Furthermore, in scenario S29, data separation is mentioned, highlighting the need to prevent unauthorized access or theft. The combination of these scenarios suggests that proper authentication mechanisms, such as passwords, are essential to ensure system security and prevent unauthorized access.",The threat involves unauthorized access to a system by requiring a password for access. This allows an attacker to potentially manipulate user credentials to bypass the system's security measures and gain unauthorized access.,M10,V4,R23
S9,"The user has provided a scenario where a password is required to access the system, which implies that unauthorized access could potentially occur if the password policy is not properly enforced. This can lead to several risks such as unauthorized users accessing sensitive data or systems without proper authentication measures in place. The presence of passwords alone does not guarantee security unless they are managed and enforced effectively.","Unauthorized access to a system due to inadequate password enforcement, leading to potential unauthorized access and data breaches.",M10,V4,R23
